Case,Status,Seconds,LastRun,FailureType,Tokens,PromptTokens,CompletionTokens,RequestCount,ResponseCount,EndCount,LastResponseId,Complete,UnknownCount,FailCount,InternalErrorCount
test01,ok,5.37,2026-05-30 14:50:00,,3519,3476,43,3,3,3,3,true,0,0,0
test02,ok,7.25,2026-05-30 14:50:07,,5823,5766,57,4,4,4,4,true,0,0,0
test03,ok,6.71,2026-05-30 14:50:14,,4463,4401,62,4,4,4,4,true,0,0,0
test04,ok,5.99,2026-05-30 14:50:20,,5668,5606,62,4,4,4,4,true,0,0,0
test05,ok,6.99,2026-05-30 14:50:27,,6292,6197,95,4,4,4,4,true,0,0,0
test06,ok,8.89,2026-05-30 14:50:35,,8080,7996,84,5,5,5,5,true,0,0,0
test07,ok,10.01,2026-05-30 14:50:45,,12345,12226,119,6,6,6,6,true,0,0,0
test08,ok,10.53,2026-05-30 14:50:56,,15057,14916,141,7,7,7,7,true,0,0,0
test09,ok,25.22,2026-05-30 14:51:21,,16406,16227,179,8,8,8,8,true,0,0,0
test10,ok,16,2026-05-30 14:51:37,,19877,19587,290,9,9,9,9,true,0,0,0
test11,ok,18.15,2026-05-30 14:52:08,,21914,21688,226,10,10,10,10,true,0,0,0
test12,ok,35.01,2026-05-30 14:52:43,,32914,32641,273,11,11,11,11,true,0,0,0
test13,ok,20.92,2026-05-30 14:53:04,,27453,27186,267,12,12,12,12,true,0,0,0
test14,ok,27.75,2026-05-30 14:53:32,,52635,52325,310,13,13,13,13,true,0,0,0
test15,ok,24.02,2026-05-30 14:53:56,,40528,40228,300,14,14,14,14,true,0,0,0
test16,ok,25.01,2026-05-30 14:54:21,,37243,36883,360,15,15,15,15,true,0,0,0
test17,ok,87.77,2026-05-30 14:55:49,,50418,45954,4464,16,16,16,16,true,0,0,0
test18,ok,29.9,2026-05-30 14:56:19,,70930,70541,389,17,17,17,17,true,0,0,0
test19,ok,30.44,2026-05-30 14:56:49,,64218,63809,409,18,18,18,18,true,0,0,0
test20,ok,34.61,2026-05-30 14:57:24,,64353,63929,424,19,19,19,19,true,0,0,0
test21,ok,6.78,2026-05-30 14:57:31,,8406,8327,79,5,5,5,5,true,0,0,0
test22,ok,10.18,2026-05-30 14:57:41,,11939,11848,91,6,6,6,6,true,0,0,0
test23,ok,11.65,2026-05-30 14:57:52,,14779,14675,104,7,7,7,7,true,0,0,0
test24,ok,32.4,2026-05-30 14:58:25,,18798,18671,127,8,8,8,8,true,0,0,0
test25,ok,14,2026-05-30 14:58:39,,20650,20489,161,9,9,9,9,true,0,0,0
test26,ok,19.43,2026-05-30 14:58:58,,25866,25705,161,10,10,10,10,true,0,0,0
test27,ok,27.69,2026-05-30 14:59:26,,29013,28836,177,11,11,11,11,true,0,0,0
test28,ok,31.37,2026-05-30 14:59:57,,25892,25735,157,10,10,10,10,true,0,0,0
test29,ok,24.18,2026-05-30 15:00:22,,29514,29339,175,11,11,11,11,true,0,0,0
test30,ok,16.99,2026-05-30 15:00:39,,28615,28445,170,11,11,11,11,true,0,0,0
test31,ok,58.19,2026-05-30 15:01:37,,79961,79513,448,20,20,20,20,true,0,0,0
test32,ok,127.77,2026-05-30 15:03:45,,81875,81443,432,20,20,20,20,true,0,0,0
test33,timeout,908.98,2026-05-30 15:18:54,TIMEOUT,0,0,0,20,14,14,14,false,0,0,0
test34,ok,93.52,2026-05-30 15:20:27,,64915,64519,396,20,20,20,20,true,0,0,0
test35,ok,485.08,2026-05-30 15:27:28,,63734,61358,342,20,20,20,20,true,0,1,0
test36,timeout,909.38,2026-05-30 15:42:38,TIMEOUT,0,0,0,20,5,5,5,false,0,0,0
test37,ok,151.87,2026-05-30 15:45:10,,65184,64820,364,20,20,20,20,true,0,0,0
test38,ok,39.68,2026-05-30 15:45:49,,59702,59314,388,20,20,20,20,true,0,0,0
test39,ok,117.6,2026-05-30 15:47:47,,72436,72102,334,20,20,20,20,true,0,0,0
test40,ok,315.17,2026-05-30 15:53:02,,64405,64059,346,20,20,20,20,true,0,0,0
test41,ok,11.35,2026-05-30 15:53:14,,12299,12170,129,7,7,7,7,true,0,0,0
test42,ok,10.79,2026-05-30 15:53:24,,11886,11736,150,7,7,7,7,true,0,0,0
test43,ok,10.8,2026-05-30 15:53:35,,11941,11792,149,7,7,7,7,true,0,0,0
test44,ok,11.27,2026-05-30 15:53:47,,11538,11439,99,7,7,7,7,true,0,0,0
test45,ok,11.08,2026-05-30 15:53:58,,13022,12905,117,7,7,7,7,true,0,0,0
test46,ok,12.81,2026-05-30 15:54:10,,13085,12955,130,7,7,7,7,true,0,0,0
test47,ok,11.28,2026-05-30 15:54:22,,12479,12367,112,7,7,7,7,true,0,0,0
test48,ok,12.95,2026-05-30 15:54:35,,13960,13826,134,8,8,8,8,true,0,0,0
test49,ok,11.04,2026-05-30 15:54:46,,12072,11970,102,7,7,7,7,true,0,0,0
test50,ok,12.11,2026-05-30 15:54:58,,11167,10835,332,7,7,7,7,true,0,0,0
test51,ok,11.36,2026-05-30 15:55:09,,11246,11002,244,7,7,7,7,true,0,0,0
test52,ok,10.58,2026-05-30 15:55:20,,10692,10590,102,7,7,7,7,true,0,0,0
test53,ok,11.66,2026-05-30 15:55:32,,12366,12234,132,7,7,7,7,true,0,0,0
test54,ok,87.03,2026-05-30 15:56:59,,13404,13260,144,7,7,7,7,true,0,0,0
test55,ok,11.18,2026-05-30 15:57:10,,13601,13484,117,7,7,7,7,true,0,0,0
test56,ok,8.55,2026-05-30 15:57:18,,10257,10153,104,6,6,6,6,true,0,0,0
test57,ok,8.74,2026-05-30 15:57:27,,9559,9450,109,6,6,6,6,true,0,0,0
test58,ok,8.9,2026-05-30 15:57:36,,10622,10520,102,6,6,6,6,true,0,0,0
test59,ok,11.02,2026-05-30 15:57:47,,12858,12728,130,7,7,7,7,true,0,0,0
test60,ok,11,2026-05-30 15:57:58,,12353,12234,119,7,7,7,7,true,0,0,0
test61,ok,10.8,2026-05-30 15:58:09,,13072,12953,119,7,7,7,7,true,0,0,0
test62,ok,10.52,2026-05-30 15:58:19,,12429,12311,118,7,7,7,7,true,0,0,0
test63,ok,9.54,2026-05-30 15:58:29,,9229,9140,89,6,6,6,6,true,0,0,0
test64,ok,9.4,2026-05-30 15:58:38,,10304,10207,97,6,6,6,6,true,0,0,0
test65,ok,10.69,2026-05-30 15:58:49,,10700,10561,139,6,6,6,6,true,0,0,0
test66,ok,9.99,2026-05-30 15:58:59,,10893,10787,106,6,6,6,6,true,0,0,0
test67,ok,9.78,2026-05-30 15:59:09,,12049,11924,125,6,6,6,6,true,0,0,0
test68,ok,9.79,2026-05-30 15:59:19,,10509,10364,145,6,6,6,6,true,0,0,0
test69,ok,10.51,2026-05-30 15:59:29,,9773,9632,141,6,6,6,6,true,0,0,0
test70,ok,8.76,2026-05-30 15:59:38,,11006,10866,140,6,6,6,6,true,0,0,0
test71,ok,9.04,2026-05-30 15:59:47,,8957,8847,110,6,6,6,6,true,0,0,0
test72,ok,10.28,2026-05-30 15:59:57,,9720,9606,114,6,6,6,6,true,0,0,0
test73,ok,10.97,2026-05-30 16:00:08,,12779,12661,118,7,7,7,7,true,0,0,0
test74,ok,11.71,2026-05-30 16:00:20,,9924,9804,120,7,7,7,7,true,0,0,0
test75,ok,10.93,2026-05-30 16:00:31,,13131,13014,117,7,7,7,7,true,0,0,0
test76,ok,10.76,2026-05-30 16:00:42,,13806,13709,97,7,7,7,7,true,0,0,0
test77,ok,9.5,2026-05-30 16:00:51,,12604,12496,108,7,7,7,7,true,0,0,0
test78,ok,13.8,2026-05-30 16:01:05,,15456,15316,140,8,8,8,8,true,0,0,0
test79,ok,12.03,2026-05-30 16:01:17,,11368,11127,241,7,7,7,7,true,0,0,0
test80,ok,14.93,2026-05-30 16:01:32,,12210,11795,415,7,7,7,7,true,0,0,0
test81,ok,9.8,2026-05-30 16:01:42,,9173,9067,106,6,6,6,6,true,0,0,0
test82,ok,9.17,2026-05-30 16:01:51,,9746,9632,114,6,6,6,6,true,0,0,0
test83,ok,10.12,2026-05-30 16:02:01,,12843,12721,122,7,7,7,7,true,0,0,0
test84,ok,10.19,2026-05-30 16:02:11,,9871,9751,120,7,7,7,7,true,0,0,0
test85,ok,10.47,2026-05-30 16:02:22,,13074,12961,113,7,7,7,7,true,0,0,0
test86,ok,10.82,2026-05-30 16:02:33,,13808,13711,97,7,7,7,7,true,0,0,0
test87,ok,12.02,2026-05-30 16:02:45,,12777,12665,112,7,7,7,7,true,0,0,0
test88,ok,10.21,2026-05-30 16:02:55,,15494,15358,136,8,8,8,8,true,0,0,0
test89,ok,11.28,2026-05-30 16:03:06,,11286,11043,243,7,7,7,7,true,0,0,0
test90,ok,12.14,2026-05-30 16:03:18,,10851,10694,157,7,7,7,7,true,0,0,0
test91,ok,8.14,2026-05-30 16:03:26,,9093,8983,110,6,6,6,6,true,0,0,0
test92,ok,8.77,2026-05-30 16:03:35,,9746,9632,114,6,6,6,6,true,0,0,0
test93,ok,11.59,2026-05-30 16:03:47,,12746,12624,122,7,7,7,7,true,0,0,0
test94,ok,10.14,2026-05-30 16:03:57,,9926,9806,120,7,7,7,7,true,0,0,0
test95,ok,9.95,2026-05-30 16:04:07,,13167,13050,117,7,7,7,7,true,0,0,0
test96,ok,11.55,2026-05-30 16:04:18,,13776,13675,101,7,7,7,7,true,0,0,0
test97,ok,10.21,2026-05-30 16:04:29,,12607,12495,112,7,7,7,7,true,0,0,0
test98,ok,11.45,2026-05-30 16:04:40,,15500,15360,140,8,8,8,8,true,0,0,0
test99,ok,12.63,2026-05-30 16:04:53,,11331,11090,241,7,7,7,7,true,0,0,0
test100,ok,12.8,2026-05-30 14:51:50,,12210,11795,415,7,7,7,7,true,0,0,0
